order_date,total_orders,paid_orders,revenue_kopecks,cancelled_orders
2026-01-01,6,6,6797400,0
2026-01-02,8,6,6636000,0
2026-01-03,5,3,3648600,1
2026-01-04,6,5,7267400,0
2026-01-05,4,3,3108600,0
2026-01-06,7,6,4637100,0
2026-01-07,6,6,7726500,0
2026-01-08,5,4,2148900,0
2026-01-09,5,2,1318900,3
2026-01-10,9,9,7425500,0
2026-01-11,5,5,6727200,0
2026-01-12,13,8,7616100,2
2026-01-13,2,2,2988900,0
2026-01-14,10,9,12994100,1
2026-01-15,9,7,11815700,1
2026-01-16,8,5,3137800,3
2026-01-17,3,3,2078900,0
2026-01-18,7,7,7356400,0
2026-01-19,10,9,11265600,0
2026-01-20,4,4,1528700,0
2026-01-21,9,7,7246900,1
2026-01-22,5,3,2968600,1
2026-01-23,9,5,5687400,3
2026-01-24,8,5,6037200,1
2026-01-25,7,6,5967200,1
2026-01-26,8,6,5157000,1
2026-01-27,4,4,2917900,0
2026-01-28,10,9,8935300,1
2026-01-29,4,4,4557900,0
2026-01-30,4,3,2438800,1
2026-01-31,4,3,5718400,1
2026-02-01,8,6,7656700,2
2026-02-02,3,3,4677800,0
2026-02-03,9,6,12145400,1
2026-02-04,7,5,4357700,2
2026-02-05,6,5,5976500,0
2026-02-06,8,4,3058400,3
2026-02-07,9,7,3727800,1
2026-02-08,8,5,4217500,2
2026-02-09,6,5,8836200,0
2026-02-10,6,5,5397900,1
2026-02-11,8,5,7026800,1
2026-02-12,12,11,12574200,0
2026-02-13,5,3,3138700,1
2026-02-14,7,7,6365300,0
2026-02-15,8,8,10836100,0
2026-02-16,9,7,6897300,1
2026-02-17,2,0,0,1
2026-02-18,6,5,5267600,1
2026-02-19,6,5,6106200,1
2026-02-20,5,5,4907500,0
2026-02-21,7,5,6716800,1
2026-02-22,4,4,4407600,0
2026-02-23,12,10,9625200,1
2026-02-24,6,5,4367900,1
2026-02-25,4,3,5177900,0
2026-02-26,6,5,3148500,1
2026-02-27,9,8,8385800,1
2026-02-28,12,10,18673000,0
2026-03-01,2,0,0,2
2026-03-02,10,7,11045900,1
2026-03-03,9,8,7156900,1
2026-03-04,0,0,0,0
2026-03-05,6,5,5046700,1
2026-03-06,7,4,6067300,1
2026-03-07,4,4,1877700,0
2026-03-08,6,4,6167800,2
2026-03-09,7,5,6897200,2
2026-03-10,8,7,4797400,1
2026-03-11,5,4,5528300,1
2026-03-12,9,6,5537500,1
2026-03-13,13,10,11823000,3
2026-03-14,3,3,4238900,0
2026-03-15,9,7,9085200,1
2026-03-16,1,1,209600,0
2026-03-17,5,3,3678000,2
2026-03-18,3,3,719500,0
2026-03-19,5,5,4607000,0
2026-03-20,7,6,5476400,0
2026-03-21,6,6,7426100,0
2026-03-22,6,5,3687000,1
2026-03-23,15,13,11953600,1
2026-03-24,5,3,6808500,1
2026-03-25,12,10,11504300,2
2026-03-26,7,6,9956300,1
2026-03-27,4,4,2418400,0
2026-03-28,8,4,2558100,2
2026-03-29,6,4,3718500,0
2026-03-30,4,4,4217700,0
2026-03-31,6,5,3438300,0
